ell_or_theta,measured_statistic
112.615605852,5.33104360825e-07
141.763748768,1.55649612656e-07
178.462629273,3.36576813032e-07
224.643889594,5.66196353105e-07
