ell_or_theta,measured_statistic
89.4559009379,9.20651581009e-07
112.617628245,4.96581849743e-07
141.765910055,3.35363016273e-07
178.463105846,1.29260671936e-07
224.645465556,1.76267080896e-07
