ell_or_theta,measured_statistic
89.4561596376,1.60196985664e-06
112.619208371,5.80798366643e-07
141.766206483,4.48955056037e-07
178.464693408,5.39405575821e-07
224.647797346,4.43317756361e-07
