ell_or_theta,measured_statistic
89.4556538022,3.67757763535e-07
112.616224272,7.4533090511e-07
141.764483508,4.96870867649e-07
178.462377292,3.47667010096e-07
224.64444232,4.50387590001e-07
